id1;id2
2335199;1924661
1924661;2335199
1713536;2585414
2585414;1713536
1825224;2512901
2512901;1825224
2097000;1652621
1652621;2097000
2484375;1514004
1514004;2484375
1737189;2288969
2288969;1737189
1246063;2423204
2423204;1246063
2336803;1654561
1654561;2336803
2452529;1411967
1411967;2452529
2008015;1555930
1555930;2008015
1252483;2871550
2871550;1252483
1505206;2611099
2611099;1505206
2012309;1035340
1035340;2012309
2325697;1828585
1828585;2325697
2018647;1894711
1894711;2018647
1530577;2784879
2784879;1530577
1115066;2147884
2147884;1115066
2424703;1318921
1318921;2424703
2656811;1579197
1579197;2656811
1032414;2281181
2281181;1032414
2800220;1503263
1503263;2800220
2924623;1368541
1368541;2924623
2574971;1267062
1267062;2574971
1895745;2772974
2772974;1895745
1831619;2596529
2596529;1831619
2374429;1599833
1599833;2374429
2062987;1574649
1574649;2062987
1824164;2354753
2354753;1824164
2549493;1980625
1980625;2549493
1692035;2378197
2378197;1692035
2098653;2288969
2763154;1270611
1270611;2763154
2799499;1267264
1267264;2799499
2653909;2254790
2254790;2653909
1184079;2098653
2886225;1174826
1174826;2886225
1013111;2474148
2474148;1013111
2004167;2748640
2748640;2004167
1891638;2621405
2621405;1891638
2013993;1770702
1770702;2013993
2227802;1556576
1556576;2227802
1366057;2784719
2784719;1366057
2376619;1737349
1737349;2376619
1123492;2476587
2476587;1123492
2773461;1148422
1148422;2773461
2592498;1321491
1321491;2592498
1702168;2532637
2532637;1702168
2791855;1297564
1297564;2791855
2022088;1633102
1633102;2022088
1242652;2832626
2832626;1242652
1857026;2772168
2772168;1857026
1350966;2030614
2030614;1350966
1477222;2501295
2501295;1477222
2257837;1706737
1706737;2257837
1708552;2397937
2397937;1708552
2583674;1098871
1098871;2583674
1589963;2922774
2922774;1589963
2625580;1763753
1763753;2625580
2079834;1602040
1602040;2079834
2321043;1007351
1007351;2321043
1308468;1506464
1506464;1308468
1447681;2383935
2383935;1447681
2868301;1102140
1102140;2868301
2997680;1544129
1544129;2997680
2797617;1259453
1259453;2797617
1063605;1503954
1503954;1063605
1728616;2937035
2937035;1728616
2406837;1921035
1921035;2406837
1466700;2928594
2928594;1466700
1492627;2970517
2970517;1492627
1806719;2068278
2068278;1806719
1616103;2970460
2970460;1616103
2057110;1701169
1701169;2057110
1997115;2871550
1736233;2748838
2748838;1736233
1088711;2187102
2187102;1088711
1073167;2434651
2434651;1073167
2152558;1518443
1518443;2152558
1780522;2219201
2219201;1780522
2677357;1840969
1840969;2677357
1389865;2494859
2494859;1389865
1336376;2532800
2532800;1336376
1746743;2879555
2879555;1746743
2731508;1695037
1695037;2731508
1999668;2355197
2355197;1999668
2082801;1611560
1611560;2082801
2194340;1337055
1337055;2194340
1152633;2835765
2835765;1152633
2068584;1198602
1198602;2068584
2895715;1633512
1633512;2895715
1904736;2004167
2514357;1834586
1834586;2514357
2302416;1519694
1519694;2302416
2562831;1168630
1168630;2562831
1673503;2808262
2808262;1673503
2077082;1236813
1236813;2077082
1389564;2227435
2227435;1389564
1701088;2089901
2089901;1701088
2120523;1054926
1054926;2120523
2518327;1128514
1128514;2518327
1019234;2442600
2442600;1019234
1511589;2627247
2627247;1511589
2109039;1085580
1085580;2109039
1724253;2353114
2353114;1724253
2869127;1273573
1273573;2869127
2515689;1061910
1061910;2515689
1378057;2629692
2629692;1378057
1791550;2015067
2015067;1791550
2170209;1529991
1529991;2170209
2262972;2817065
2817065;2262972
1130928;1904736
1720695;2916623
2916623;1720695
1844999;2262972
2664544;2871550
2847501;1264892
1264892;2847501
1391371;2828758
2828758;1391371
1544707;2886015
2886015;1544707
1419158;2309243
2309243;1419158
2956451;1416516
1416516;2956451
2688468;1030061
1030061;2688468
2197881;1205438
1205438;2197881
1023539;2407593
2407593;1023539
2774256;1396557
1396557;2774256
1615040;2454518
2454518;1615040
1711382;2804411
2804411;1711382
2382024;1890356
1890356;2382024
2311644;1517904
1517904;2311644
2892916;2228075
2228075;2892916
1328033;2650688
2650688;1328033
1573746;2766325
2766325;1573746
1927061;2856318
2856318;1927061
1641972;2629738
2629738;1641972
2000927;1104733
1104733;2000927
1149560;2160410
2160410;1149560
2258286;1158984
1158984;2258286
1695496;2103739
2103739;1695496
2797943;1587496
1587496;2797943
2674156;1674840
1674840;2674156
1917113;2794857
2794857;1917113
1775896;2268325
2268325;1775896
2930124;1246446
1246446;2930124
2729858;1593963
1593963;2729858
1425638;2926462
2926462;1425638
1437694;2614465
2614465;1437694
1624208;2645623
2645623;1624208
1996797;2195271
2195271;1996797
2972244;1378000
1378000;2972244
1695830;2423565
2423565;1695830
2839915;2400070
2400070;2839915
2051831;1829263
1829263;2051831
1870712;2817065
1229569;2056723
2056723;1229569
1539628;2356692
2356692;1539628
1256437;2983647
2983647;1256437
2902280;1017030
1017030;2902280
1504390;2129580
2129580;1504390
1139383;2622074
2622074;1139383
1308889;2722696
2722696;1308889
1186747;2176603
2176603;1186747
2294216;1231865
1231865;2294216
2692433;1069130
1069130;2692433
1513017;2519380
2519380;1513017
1081161;2922401
2922401;1081161
1556364;2406730
2406730;1556364
1815926;2147974
2147974;1815926
2532728;1560779
1560779;2532728
2565350;1201668
1201668;2565350
1857508;2069883
2069883;1857508
1792616;2062791
2062791;1792616
1276115;2187309
2187309;1276115
1532050;2821922
2821922;1532050
2889998;1021302
1021302;2889998
2350155;1294069
1294069;2350155
1479756;1360335
1360335;1479756
2673603;1971477
1971477;2673603
1140204;2811777
2811777;1140204
1377643;2121250
2121250;1377643
1757776;2439990
2439990;1757776
1529573;2417581
2417581;1529573
2203559;1445888
1445888;2203559
2884143;1000808
1000808;2884143
1291129;2862827
2862827;1291129
1319989;2241655
2241655;1319989
2800510;1600912
1600912;2800510
2743769;1255190
1255190;2743769
2885054;1923420
1923420;2885054
1742711;2680676
2680676;1742711
2498962;1665186
1665186;2498962
2381945;1986717
1986717;2381945
1216071;2467755
2467755;1216071
1468046;1746743
2685733;1154627
1154627;2685733
1901300;2781755
2781755;1901300
2097476;1195367
1195367;2097476
1411881;2748773
2748773;1411881
2185376;1130238
1130238;2185376
2703845;1439276
1439276;2703845
1971874;2160696
2160696;1971874
1608063;2209799
2209799;1608063
2278124;1074522
1074522;2278124
2069927;1414707
1414707;2069927
2383875;1278680
1278680;2383875
1719043;2395495
2395495;1719043
1622019;2048764
2048764;1622019
1735402;2582452
2582452;1735402
2887818;1283523
1283523;2887818
2286659;1936337
1936337;2286659
1415528;2371006
2371006;1415528
2604807;1790508
1790508;2604807
1466231;2506568
2506568;1466231
2851670;1343540
1343540;2851670
1837836;2612185
2612185;1837836
2549120;1741191
1741191;2549120
1569533;2029032
2029032;1569533
2753512;1395490
1395490;2753512
2845247;1690847
1690847;2845247
1270753;2887239
2887239;1270753
1851387;2196665
2196665;1851387
1837709;2794977
2794977;1837709
1844292;2696112
2696112;1844292
1914466;2193027
2193027;1914466
1232338;2371615
2371615;1232338
1347097;1068912
1068912;1347097
1724158;2312777
2312777;1724158
2898028;1555950
1555950;2898028
2186455;1926229
1926229;2186455
2680020;1359473
1359473;2680020
1382167;2458579
2458579;1382167
2203496;1112812
1112812;2203496
2122923;1042126
1042126;2122923
1716854;2330056
2330056;1716854
1605719;2677328
2677328;1605719
1789396;2576565
2576565;1789396
2787241;1877821
1877821;2787241
1817334;2841115
2841115;1817334
2737371;1308468
1647255;2577782
2577782;1647255
2016566;2407926
2407926;2016566
1377260;2009692
2009692;1377260
2105954;1128514
1913074;2833287
2833287;1913074
1256527;2680031
2680031;1256527
1068341;2135070
2135070;1068341
2313305;1269801
1269801;2313305
1068359;2099231
2099231;1068359
1729186;2817554
2817554;1729186
2699389;2250494
2250494;2699389
1643948;2937321
2937321;1643948
2785640;1213812
1213812;2785640
1597156;2888563
2888563;1597156
2652991;1444662
1444662;2652991
1898158;1219845
1219845;1898158
1969830;2347518
2347518;1969830
2089596;1948058
1948058;2089596
1064437;2819495
2819495;1064437
1351442;2811581
2811581;1351442
1275248;2742712
2742712;1275248
1820424;2295836
2295836;1820424
1494146;2006617
2006617;1494146
2564401;1928622
1928622;2564401
1657662;2159955
2159955;1657662
1895550;2881075
2881075;1895550
1613210;2058680
2058680;1613210
1626174;2738291
2738291;1626174
1513168;2204436
2204436;1513168
2356020;1772256
1772256;2356020
2951729;1336376
1234885;2463213
2463213;1234885
2452726;1011770
1011770;2452726
2161320;1927326
1927326;2161320
1295496;2776790
2776790;1295496
1623963;2126874
2126874;1623963
1054324;2368464
2368464;1054324
1756091;2817508
2817508;1756091
2991687;1525436
1525436;2991687
1725802;2433421
2433421;1725802
2373900;2100781
2100781;2373900
2123879;2446438
2446438;2123879
2711266;1393753
1393753;2711266
2176448;1734860
1734860;2176448
1809495;2353469
2353469;1809495
1092841;2139196
2139196;1092841
2129218;2932157
2932157;2129218
2999034;2123879
2540382;1729477
1729477;2540382
2272042;1807277
1807277;2272042
2736395;1025008
1025008;2736395
2836704;1288117
1288117;2836704
1609183;2710205
2710205;1609183
2823671;1099134
1099134;2823671
1307116;2267096
2267096;1307116
1881019;2029732
2029732;1881019
1100293;2795717
2795717;1100293
1735044;2748005
2748005;1735044
2859574;1325680
1325680;2859574
1203628;2883279
2883279;1203628
2598156;1093422
1093422;2598156
1108544;2437004
2437004;1108544
1435947;2716557
2716557;1435947
2500794;1957021
1957021;2500794
1268228;2514834
2514834;1268228
2562677;1713262
1713262;2562677
1739846;2621833
2621833;1739846
2960801;1760598
1760598;2960801
1661047;2436004
2436004;1661047
1020803;1360335
2960998;1069674
1069674;2960998
2308738;1214487
1214487;2308738
1720842;2993871
2993871;1720842
2600317;1726187
1726187;2600317
2298150;2446438
1554200;1455119
1455119;1554200
2939982;1061595
1061595;2939982
1871130;2933985
2933985;1871130
2493167;1150434
1150434;2493167
2337363;1518604
1518604;2337363
1184840;2796764
2796764;1184840
2073378;1758603
1758603;2073378
2231885;1430115
1430115;2231885
2635760;1049299
1049299;2635760
2671131;1599833
2098427;1540455
1540455;2098427
2363276;1002185
1002185;2363276
1303895;2060878
2060878;1303895
1476809;1659964
1659964;1476809
1461487;2402250
2402250;1461487
2400142;2133715
2133715;2400142
1681941;2393702
2393702;1681941
2571837;1743821
1743821;2571837
2468113;1451899
1451899;2468113
1293486;2642288
2642288;1293486
1871475;2818860
2818860;1871475
2031328;1844023
1844023;2031328
2141731;1919554
1919554;2141731
2457311;1827059
1827059;2457311
2427857;1725597
1725597;2427857
2234631;1941750
1941750;2234631
1829689;2692964
2692964;1829689
1089102;2347466
2347466;1089102
2632544;1559558
1559558;2632544
1585921;2715995
2715995;1585921
1046871;2877476
2877476;1046871
1454494;2629038
2629038;1454494
1981345;2724264
2724264;1981345
2135394;2005256
2005256;2135394
2757593;1018039
1018039;2757593
2639461;1691366
1691366;2639461
1978870;2560781
2560781;1978870
1727457;2843836
2843836;1727457
1403777;2540031
2540031;1403777
2388001;1476747
1476747;2388001
1787109;2601583
2601583;1787109
2694607;1336977
1336977;2694607
2717763;1426410
1426410;2717763
1359791;2538868
2538868;1359791
1995866;2267230
2267230;1995866
2351984;1367782
1367782;2351984
1493634;2066160
2066160;1493634
2650050;1755501
1755501;2650050
1360152;2714098
2714098;1360152
1788331;2338457
2338457;1788331
2753716;1207238
1207238;2753716
1430210;2939983
2939983;1430210
2428853;1970176
1970176;2428853
2134786;1277490
1277490;2134786
1214694;2765410
2765410;1214694
1739445;2552279
2552279;1739445
2263770;1378185
1378185;2263770
2979168;1785729
1785729;2979168
1884936;2724031
2724031;1884936
1936596;2342351
2342351;1936596
2260151;1607746
1607746;2260151
1885929;2650571
2650571;1885929
1088533;2450369
2450369;1088533
2549537;1104075
1104075;2549537
1189849;2308273
2308273;1189849
2683845;1599560
1599560;2683845
2964839;1962861
1962861;2964839
1723313;2772324
2772324;1723313
2988690;1897715
1897715;2988690
2047508;1401623
1401623;2047508
2471390;1983136
1983136;2471390
2978442;1971054
1971054;2978442
1130598;2197495
2197495;1130598
1511919;2601477
2601477;1511919
1418697;2927328
2927328;1418697
2884751;1119469
1119469;2884751
1627157;2250886
2250886;1627157
1195818;2586281
2586281;1195818
2977555;2407926
2825006;1727619
1727619;2825006
2291502;1009228
1009228;2291502
1027378;2601477
2622287;1173682
1173682;2622287
1658151;2647546
2647546;1658151
1023796;2265716
2265716;1023796
1787216;1413581
1413581;1787216
1562074;2190644
2190644;1562074
1212863;2438364
2438364;1212863
1291413;2231903
2231903;1291413
1553995;2694539
2694539;1553995
1444862;2270382
2270382;1444862
1175471;2937127
2937127;1175471
1580371;2957989
2957989;1580371
2627993;1308468
2425799;1107483
1107483;2425799
2146696;1188852
1188852;2146696
2553083;1274104
1274104;2553083
2325084;1965600
1965600;2325084
1641346;2816475
2816475;1641346
1229758;1413581
2177413;1060611
1060611;2177413
1164317;2890314
2890314;1164317
1689872;2350720
2350720;1689872
1190286;2075905
2075905;1190286
1629356;2420882
2420882;1629356
1577431;2779063
2779063;1577431
1912674;2228075
2701918;1300132
1300132;2701918
1442079;2794003
2794003;1442079
2899771;1047864
1047864;2899771
1001168;2038453
2038453;1001168
1459404;2983617
2983617;1459404
1336325;1476809
1372010;2240315
2240315;1372010
1829683;2821790
2821790;1829683
2181047;1860965
1860965;2181047
2702170;1641972
1951592;2116005
2116005;1951592
1372417;2676468
2676468;1372417
1034217;2482095
2482095;1034217
2978734;1620564
1620564;2978734
1469936;2040653
2040653;1469936
2679377;1152329
1152329;2679377
2271998;1732073
1732073;2271998
2079187;1885368
1885368;2079187
1318876;2218124
2218124;1318876
1165149;2623941
2623941;1165149
2863326;1976242
1976242;2863326
2194146;1705310
1705310;2194146
2372381;1365672
1365672;2372381
1229295;1109322
1109322;1229295
1655028;2336209
2336209;1655028
1737911;2880427
2880427;1737911
1653855;2109393
2109393;1653855
2462012;1828695
1828695;2462012
1267319;2772168
2406544;1269364
1269364;2406544
2622677;1673737
1673737;2622677
2053406;1959643
1959643;2053406
2742049;1154074
1154074;2742049
1015192;2973993
2973993;1015192
1814623;1530577
1265850;2203765
2203765;1265850
1762314;2866847
2866847;1762314
2360136;2871550
2320811;2123879
1396273;2041945
2041945;1396273
2410447;1653964
1653964;2410447
2568805;1770007
1770007;2568805
2683157;2741399
2741399;2683157
1814616;2218716
2218716;1814616
2388404;1010714
1010714;2388404
2517141;1884822
1884822;2517141
1070303;2979464
2979464;1070303
2682485;2016566
1390985;1909736
1909736;1390985
2210070;1546324
1546324;2210070
2792951;1233107
1233107;2792951
1990172;2777058
2777058;1990172
1450077;2716523
2716523;1450077
1851325;2287547
2287547;1851325
2783821;1929126
1929126;2783821
1216744;2663823
2663823;1216744
1650284;2333384
2333384;1650284
2030644;1461206
1461206;2030644
1189391;2695735
2695735;1189391
1625509;2553154
2553154;1625509
1201631;2908150
2908150;1201631
2996872;1116380
1116380;2996872
2820945;1618123
1618123;2820945
2079534;1008225
1008225;2079534
1425522;2407329
2407329;1425522
1682307;2588754
2588754;1682307
2689263;2298150
2896728;1099112
1099112;2896728
2317605;1627884
1627884;2317605
2094625;1933089
1933089;2094625
2592703;1862368
1862368;2592703
2924801;1698307
1698307;2924801
1842320;2717087
2717087;1842320
1508877;2742395
2742395;1508877
2670053;1306382
1306382;2670053
1087719;2539486
2539486;1087719
1096049;1229295
1075443;2237635
2237635;1075443
1495822;2405964
2405964;1495822
2774818;1703008
1703008;2774818
1828385;2674381
2674381;1828385
1007642;2023434
2023434;1007642
1546229;2509099
2509099;1546229
1005192;2764090
2764090;1005192
1590607;2870254
2870254;1590607
1128734;2175440
2175440;1128734
1797714;1476809
1163491;2809536
2809536;1163491
1634313;2780967
2780967;1634313
1559257;2166866
2166866;1559257
2621156;1255592
1255592;2621156
1822047;2784879
1854183;2061594
2061594;1854183
2775981;2999034
1693014;2189186
2189186;1693014
2835719;1495759
1495759;2835719
2792004;1154935
1154935;2792004
2773996;1173078
1173078;2773996
1130430;2008356
2008356;1130430
2995867;1647279
1647279;2995867
1161822;2082622
2082622;1161822
2413794;1537683
1537683;2413794
1644436;2126754
2126754;1644436
1461831;2281331
2281331;1461831
2841804;1088087
1088087;2841804
1623769;2994183
2994183;1623769
2603162;2060878
2202728;1080858
1080858;2202728
1446756;2619878
2619878;1446756
1958691;2477471
2477471;1958691
2287892;1966630
1966630;2287892
2598937;1170926
1170926;2598937
1951032;2335415
2335415;1951032
1416580;2511443
2511443;1416580
2183384;1016990
1016990;2183384
1459012;2199609
2199609;1459012
2949018;1065586
1065586;2949018
1681811;2640434
2640434;1681811
1420880;2845229
2845229;1420880
1858133;2535561
2535561;1858133
1497846;2816416
2816416;1497846
2038546;1781650
1781650;2038546
2334057;1567933
1567933;2334057
2654293;1922530
1922530;2654293
2213433;1640075
1640075;2213433
2092185;1149538
1149538;2092185
1262024;2218716
2108498;1891687
1891687;2108498
1603221;2710777
2710777;1603221
2341948;1583024
1583024;2341948
1951546;1912674
1898448;2763461
2763461;1898448
2111411;1046924
1046924;2111411
2948417;1706783
1706783;2948417
1592908;2741399
2390766;1113037
1113037;2390766
1975904;2644586
2644586;1975904
1775808;2909461
2909461;1775808
2999841;2552279
2667866;1112098
1112098;2667866
1699511;2423568
2423568;1699511
1486249;1336325
1147544;2439703
2439703;1147544
2855038;1558715
1558715;2855038
1296482;2489230
2489230;1296482
1293424;2700149
2700149;1293424
1345819;2250010
2250010;1345819
2046356;1735587
1735587;2046356
2046165;1740271
1740271;2046165
2659464;1295093
1295093;2659464
1387940;2483139
2483139;1387940
2046962;1272978
1272978;2046962
2663293;1249246
1249246;2663293
1453314;2536880
2536880;1453314
1524044;2142455
2142455;1524044
2726959;1899907
1899907;2726959
2758056;1490973
1490973;2758056
1925337;1797714
1116853;2029102
2029102;1116853
1668275;1336325
2945959;2673521
2673521;2945959
1342159;2014642
2014642;1342159
2451350;1816430
1816430;2451350
1487789;2279657
2279657;1487789
2756992;1926205
1926205;2756992
1608260;2129881
2129881;1608260
1173043;2031439
2031439;1173043
1276721;2125110
2125110;1276721
2186873;1133635
1133635;2186873
1065204;2179596
2179596;1065204
1240757;2286243
2286243;1240757
1502988;2887695
2887695;1502988
2627729;1223026
1223026;2627729
2293338;1058985
1058985;2293338
2858743;1134674
1134674;2858743
1358771;2262972
2143356;1762861
1762861;2143356
2447833;1109928
1109928;2447833
2345766;1603726
1603726;2345766
2925214;1696390
1696390;2925214
1623082;2047737
2047737;1623082
1280078;2900614
2900614;1280078
1401541;2998617
2998617;1401541
1253570;1868141
1868141;1253570
2208302;1686912
1686912;2208302
2559792;1483461
1483461;2559792
1199003;2319493
2319493;1199003
1263357;1229295
1986788;2306048
2306048;1986788
1671163;2173596
2173596;1671163
2098059;2400142
1822174;2143052
2143052;1822174
2161469;1054702
1054702;2161469
1709244;2935315
2935315;1709244
2354402;1267925
1267925;2354402
1396454;2004738
2004738;1396454
2819638;1884936
2830884;1509991
1509991;2830884
2510427;1965992
1965992;2510427
1451110;2028477
2028477;1451110
1025891;2445606
2445606;1025891
2716218;2347466
1176732;2826232
2826232;1176732
2117007;1601994
1601994;2117007
1859554;1726187
1427263;2571471
2571471;1427263
2131068;1805291
1805291;2131068
1308102;2709491
2709491;1308102
2325256;1589796
1589796;2325256
2348910;1700985
1700985;2348910
1478652;2045600
2045600;1478652
2451034;1166829
1166829;2451034
1711408;2011674
2011674;1711408
1071975;1324560
1324560;1071975
2890617;1853852
1853852;2890617
1645475;2936603
2936603;1645475
1246932;2338452
2338452;1246932
2678344;1842832
1842832;2678344
1941908;2898499
2898499;1941908
1857141;2599831
2599831;1857141
2945317;1784343
1784343;2945317
2287174;1459040
1459040;2287174
2642406;1606051
1606051;2642406
1124368;2211094
2211094;1124368
2666507;1252107
1252107;2666507
1127370;2728282
2728282;1127370
2665643;2737371
2141069;1311835
1311835;2141069
1901330;2530949
2530949;1901330
2844783;1700459
1700459;2844783
1685918;2926128
2926128;1685918
1214363;2416648
2416648;1214363
1934469;2461846
2461846;1934469
2327092;1375895
1375895;2327092
1037270;2754052
2754052;1037270
1365359;1742711
1118207;2801955
2801955;1118207
2125152;1114962
1114962;2125152
1507797;2261297
2261297;1507797
2919133;1297123
1297123;2919133
1452288;2939503
2939503;1452288
1325894;2231743
2231743;1325894
1156995;2015332
2015332;1156995
1099315;2302283
2302283;1099315
2306865;1778662
1778662;2306865
2627916;1621290
1621290;2627916
1054685;2498685
2498685;1054685
2413705;1550576
1550576;2413705
1145866;2519601
2519601;1145866
1413600;2954351
2954351;1413600
1304370;2236378
2236378;1304370
1688860;2493389
2493389;1688860
1431631;2627620
2627620;1431631
1823455;2205105
2205105;1823455
2393690;1208028
1208028;2393690
2758526;1203481
1203481;2758526
2907815;1624832
1624832;2907815
2460144;1440555
1440555;2460144
1904808;2076937
2076937;1904808
1972958;2445869
2445869;1972958
1261373;2712941
2712941;1261373
1301558;2753605
2753605;1301558
2030147;1879362
1879362;2030147
2573812;1772890
1772890;2573812
2265055;1318818
1318818;2265055
1652233;2992230
2992230;1652233
1985067;2119670
2119670;1985067
1738264;2691429
2691429;1738264
1938344;2848792
2848792;1938344
1572315;1675888
1675888;1572315
2628798;1876343
1876343;2628798
2339102;1256505
1256505;2339102
2457898;1920933
1920933;2457898
2127879;1783080
1783080;2127879
1152711;2658029
2658029;1152711
1553743;2425328
2425328;1553743
2692185;1986132
1986132;2692185
2684357;1115905
1115905;2684357
2405346;1518604
2184610;1578998
1578998;2184610
2195755;1183481
1183481;2195755
1565368;1641972
2000436;1247828
1247828;2000436
2046795;1301602
1301602;2046795
1403472;2250494
2634007;1777193
1777193;2634007
1424276;2811997
2811997;1424276
2493334;1057012
1057012;2493334
1268085;2696902
2696902;1268085
1155955;2607509
2607509;1155955
2851039;1971116
1971116;2851039
2759832;1169706
1169706;2759832
1073113;2398595
2398595;1073113
2170108;1611560
1998843;2518576
2518576;1998843
1156533;2660483
2660483;1156533
2193203;1686286
1686286;2193203
1494663;2810188
2810188;1494663
2120396;1078941
1078941;2120396
1831403;1579197
2086796;1902066
1902066;2086796
2419881;2575558
2575558;2419881
1682582;2755499
2755499;1682582
1271498;2052110
2052110;1271498
2531474;1558190
1558190;2531474
2944038;1733613
1733613;2944038
2632840;1837961
1837961;2632840
2787455;1078348
1078348;2787455
2318014;1523669
1523669;2318014
1634764;2733955
2733955;1634764
1433908;2771917
2771917;1433908
1226309;2340955
2340955;1226309
2647031;1222295
1222295;2647031
1672151;2845112
2845112;1672151
1475328;1401541
1750853;2410418
2410418;1750853
1681597;2673005
2673005;1681597
1710902;2356286
2356286;1710902
2987531;2483290
2483290;2987531
2196554;1246826
1246826;2196554
2144004;1987051
1987051;2144004
1536086;2884143
1131079;2888257
2888257;1131079
1289722;1403472
2828474;1626497
1626497;2828474
2163151;2016566
1761195;2590993
2590993;1761195
2317808;1945523
1945523;2317808
1275387;2488047
2488047;1275387
1019940;2960762
2960762;1019940
1033705;2440475
2440475;1033705
1522878;2586410
2586410;1522878
1635934;2746308
2746308;1635934
1761692;2019342
2019342;1761692
2498808;1221125
1221125;2498808
1874951;2170108
1596068;1390985
2891591;1477541
1477541;2891591
2030532;1080494
1080494;2030532
1459797;2012251
2012251;1459797
2267560;2884143
2895452;1196483
1196483;2895452
2156065;1962991
1962991;2156065
1627069;2212373
2212373;1627069
1678672;2176586
2176586;1678672
2123834;1279985
1279985;2123834
1735630;1324560
2125003;1342944
1342944;2125003
2285586;1548582
1548582;2285586
1059665;2753512
2953943;2294216
2664521;1328033
2519032;1798350
1798350;2519032
1206315;2964741
2964741;1206315
2673518;1847404
1847404;2673518
1467975;2922302
2922302;1467975
2920149;1995280
1995280;2920149
2236836;1080445
1080445;2236836
1950703;1152711
2765759;1644440
1644440;2765759
1179590;2202982
2202982;1179590
2503006;1598759
1598759;2503006
2996296;1689039
1689039;2996296
2043422;1473927
1473927;2043422
1878112;2695706
2695706;1878112
2377999;1032738
1032738;2377999
1518751;2552833
2552833;1518751
1361247;2442853
2442853;1361247
1900431;2698098
2698098;1900431
1662493;2969032
2969032;1662493
1208620;2726585
2726585;1208620
1535255;2389148
2389148;1535255
1133014;2214867
2214867;1133014
2391639;1516167
1516167;2391639
2655189;2407926
1250922;2389681
2389681;1250922
2941200;1558436
1558436;2941200
2730042;1608479
1608479;2730042
2375955;1862908
1862908;2375955
2774284;1171476
1171476;2774284
2222680;1267319
1486733;2174827
2174827;1486733
1243236;2900346
2900346;1243236
2152312;2841804
2578544;1859554
2597649;1355571
1355571;2597649
1162733;2135394
1203405;2487124
2487124;1203405
2008494;1091323
1091323;2008494
1992553;2976644
2976644;1992553
2109063;1175586
1175586;2109063
2750958;1030148
1030148;2750958
1455906;2823073
2823073;1455906
1229797;2610159
2610159;1229797
2587829;1205881
1205881;2587829
2202630;1946523
1946523;2202630
2457231;1723132
1723132;2457231
2899351;1559266
1559266;2899351
1540064;1828940
1828940;1540064
1583269;2002143
2002143;1583269
2160369;2210549
2210549;2160369
2576814;1475944
1475944;2576814
2579064;1587036
1587036;2579064
2971136;1903497
1903497;2971136
2976647;1346856
1346856;2976647
1018651;2893229
2893229;1018651
2380405;2510276
2510276;2380405
1473887;2142283
2142283;1473887
1718694;2124865
2124865;1718694
2983716;1640319
1640319;2983716
1785342;1486249
1852659;2883995
2883995;1852659
2120678;1187102
1187102;2120678
2037572;1670349
1670349;2037572
1499965;2279668
2279668;1499965
1627403;2339296
2339296;1627403
2644704;1273121
1273121;2644704
1867024;2895667
2895667;1867024
1282945;2449920
2449920;1282945
2217153;1194695
1194695;2217153
2792446;1601774
1601774;2792446
2334509;2380405
1632520;2204725
2204725;1632520
2711447;1242267
1242267;2711447
1369853;2586593
2586593;1369853
1462601;1247696
1247696;1462601
2194660;1804464
1804464;2194660
2984395;1188957
1188957;2984395
2363983;1229753
1229753;2363983
1501071;2893856
2893856;1501071
1290128;2176601
2176601;1290128
1978372;1336325
1666951;2639225
2639225;1666951
2293976;1827237
1827237;2293976
2281058;1736348
1736348;2281058
2457237;1194205
1194205;2457237
1873208;2115099
2115099;1873208
1808445;2844968
2844968;1808445
1220348;2045066
2045066;1220348
2618379;1750386
1750386;2618379
2303921;1899767
1899767;2303921
1076786;2423548
2423548;1076786
2209143;1101447
1101447;2209143
1199588;2662676
2662676;1199588
1800203;2736822
2736822;1800203
1398896;2416250
2416250;1398896
2007718;1939951
1939951;2007718
2082259;1407561
1407561;2082259
1533895;2271212
2271212;1533895
1324137;2839915
2287715;1746743
2817312;1595827
1595827;2817312
1286747;2000101
2000101;1286747
1517638;2998492
2998492;1517638
1727355;2745397
2745397;1727355
2430120;1049889
1049889;2430120
1501222;2159912
2159912;1501222
2901902;1329007
1329007;2901902
1256867;2889998
2101207;2483290
2900859;1113486
1113486;2900859
1437317;2557501
2557501;1437317
2130741;1283457
1283457;2130741
2398664;1037540
1037540;2398664
1049828;2830378
2830378;1049828
2792721;1051476
1051476;2792721
2182742;1939915
1939915;2182742
1637900;2209086
2209086;1637900
1824788;2236919
2236919;1824788
2288720;1689564
1689564;2288720
2026541;1105685
1105685;2026541
1339984;2402949
2402949;1339984
1534298;2795019
2795019;1534298
2413690;1262024
1380777;2293062
2293062;1380777
2002889;2293976
1551359;2750352
2750352;1551359
2235183;1087404
1087404;2235183
2057135;1899073
1899073;2057135
1647544;2013308
2013308;1647544
1957741;2235380
2235380;1957741
1851478;2040808
2040808;1851478
2390413;1376512
1376512;2390413
1055083;2177132
2177132;1055083
1879335;2416138
2416138;1879335
2670099;2380405
2895306;1809495
2715024;2391616
2391616;2715024
1083887;2927234
2927234;1083887
2197063;1990833
1990833;2197063
1393313;2049524
2049524;1393313
1791471;1486249
2130078;1422594
1422594;2130078
2603782;1310978
1310978;2603782
2692959;2883995
2968078;1142954
1142954;2968078
1293588;1791471
1583266;1289045
1289045;1583266
1640386;2951729
2658106;1680869
1680869;2658106
1772615;2802929
2802929;1772615
1336597;2961288
2961288;1336597
2287305;1475328
1768497;2354397
2354397;1768497
1385794;2472609
2472609;1385794
2729960;2098059
2560062;1602119
1602119;2560062
2716016;1929308
1929308;2716016
2546587;1273489
1273489;2546587
1534611;2883995
1015840;2262088
2262088;1015840
2288577;1564053
1564053;2288577
1051519;2668987
2668987;1051519
2495661;1826776
1826776;2495661
2535415;1779429
1779429;2535415
2255509;1744624
1744624;2255509
1321262;2572134
2572134;1321262
1038146;2885054
1024561;2306676
2306676;1024561
2926583;1188418
1188418;2926583
2311811;1354665
1354665;2311811
1288246;2962643
2962643;1288246
2973049;1340692
1340692;2973049
1245996;2330044
2330044;1245996
2048036;1020505
1020505;2048036
1505234;2749361
2749361;1505234
1587947;2903183
2903183;1587947
2274041;1572527
1572527;2274041
2978383;1275296
1275296;2978383
2682100;1938229
1938229;2682100
1980783;2365930
2365930;1980783
1762785;2658707
2658707;1762785
2315781;1255827
1255827;2315781
2546015;1093652
1093652;2546015
2254007;1854163
1854163;2254007
1379093;2001158
2001158;1379093
1237610;2865476
2865476;1237610
1665334;1827237
2184300;1288821
1288821;2184300
1817641;2961830
2961830;1817641
2325887;1842118
1842118;2325887
2472348;1242485
1242485;2472348
1794734;1868141
1671448;2387028
2387028;1671448
1386761;2747743
2747743;1386761
1889787;2246083
2246083;1889787
1769461;2354633
2354633;1769461
2704043;1256885
1256885;2704043
2914090;2582452
1081269;2598041
2598041;1081269
2210701;1799671
1799671;2210701
2744659;1445664
1445664;2744659
1889270;2257856
2257856;1889270
2626719;1349673
1349673;2626719
2872107;1892659
1892659;2872107
1628327;2493397
2493397;1628327
1708482;2955420
2955420;1708482
2038930;1572686
1572686;2038930
1658103;2376945
2376945;1658103
1991839;2743605
2743605;1991839
1484686;2650900
2650900;1484686
1336133;2185376
1861820;2293795
2293795;1861820
2380984;1709095
1709095;2380984
1413335;2818913
2818913;1413335
1746589;2872347
2872347;1746589
2843512;1383713
1383713;2843512
2581840;1895745
2325589;2575558
2124731;1925849
1925849;2124731
2059424;1173988
1173988;2059424
1282262;2190160
2190160;1282262
2747517;1948833
1948833;2747517
1247596;2282440
2282440;1247596
1446274;2712157
2712157;1446274
2611144;1846030
1846030;2611144
1150724;2679740
2679740;1150724
1604491;2161721
2161721;1604491
1912546;2293976
1845870;2331345
2331345;1845870
2074234;1359972
1359972;2074234
2941912;1035303
1035303;2941912
2548243;1945971
1945971;2548243
2872861;1126501
1126501;2872861
1734382;1936187
1936187;1734382
2876618;1844720
1844720;2876618
1804134;2227716
2227716;1804134
1780456;2585406
2585406;1780456
1840073;2392197
2392197;1840073
1495098;2841036
2841036;1495098
2474506;1535146
1535146;2474506
1176018;1247696
1802641;2672731
2672731;1802641
1207461;2136665
2136665;1207461
1524222;2102367
2102367;1524222
1934009;2280086
2280086;1934009
2077490;2369640
2369640;2077490
1047828;2690631
2690631;1047828
1965611;2432538
2432538;1965611
1350159;1089102
2637264;2433421
2121074;1279412
1279412;2121074
2150474;1571075
1571075;2150474
1884886;2084019
2084019;1884886
2798715;1378754
1378754;2798715
1842793;2192753
2192753;1842793
1022407;2379544
2379544;1022407
1934694;2949029
2949029;1934694
1025200;2888541
2888541;1025200
1789730;2692717
2692717;1789730
2962345;1219865
1219865;2962345
2492464;1883631
1883631;2492464
1123006;2421965
2421965;1123006
1460013;2118797
2118797;1460013
2073203;1587237
1587237;2073203
1805517;1176018
2906082;1024160
1024160;2906082
1536117;2533332
2533332;1536117
2113433;1328635
1328635;2113433
1625955;2482901
2482901;1625955
2565113;1194764
1194764;2565113
2201473;1010639
1010639;2201473
2901444;1595797
1595797;2901444
1001103;1735630
1078913;2903471
2903471;1078913
2602440;1894358
1894358;2602440
1846048;2480590
2480590;1846048
1521509;1936187
1000868;2699292
2699292;1000868
1638622;2755019
2755019;1638622
2095520;1374729
1374729;2095520
2752057;1344242
1344242;2752057
1113837;2963985
2963985;1113837
1741138;2784852
2784852;1741138
1066972;2077060
2077060;1066972
2244245;1226382
1226382;2244245
1698213;2596224
2596224;1698213
2279368;1768530
1768530;2279368
2451111;1933556
1933556;2451111
2421876;1591735
1591735;2421876
1486888;2195461
2195461;1486888
1659571;1033705
2637820;1194652
1194652;2637820
2537709;1034799
1034799;2537709
2715340;1011225
1011225;2715340
1872398;2814517
2814517;1872398
1950168;2518498
2518498;1950168
2912900;1221857
1221857;2912900
1018394;2544774
2544774;1018394
1505428;2513754
2513754;1505428
1811476;2273481
2273481;1811476
2946341;2677148
2677148;2946341
1449958;1827237
1723127;2885494
2885494;1723127
1969200;2210418
2210418;1969200
2632474;2073203
1565038;2970300
2970300;1565038
2126867;1941490
1941490;2126867
1820793;2943025
2943025;1820793
1905347;2978383
2301539;1346465
1346465;2301539
2240176;1187391
1187391;2240176
1195052;2242978
2242978;1195052
2576607;2582743
2582743;2576607
2512833;1520205
1520205;2512833
2003254;1656693
1656693;2003254
1008540;1506288
1506288;1008540
1577682;1311835
2425375;2185376
2511750;1259379
1259379;2511750
2446958;1813965
1813965;2446958
2220627;1464571
1464571;2220627
1545038;2150066
2150066;1545038
2876697;1536137
1536137;2876697
2250408;1996849
1996849;2250408
2271359;1184647
1184647;2271359
1609595;2474629
2474629;1609595
1385248;2331482
2331482;1385248
1549255;2005256
1739726;2053299
2053299;1739726
2470853;1809436
1809436;2470853
2154098;1093521
1093521;2154098
2915319;1116591
1116591;2915319
2536549;1936552
1936552;2536549
2324808;2150474
2730453;1543059
1543059;2730453
1170898;2996064
2996064;1170898
2635043;1090855
1090855;2635043
1949761;2226627
2226627;1949761
1190694;1072365
1072365;1190694
1594841;2277073
2277073;1594841
1652550;1324560
2330581;1838194
1838194;2330581
1939416;2162267
2162267;1939416
2834112;1329481
1329481;2834112
2916775;1954054
1954054;2916775
1953138;2094382
2094382;1953138
1363818;2604095
2604095;1363818
2462728;2655189
1705064;2985112
2985112;1705064
2521886;1636401
1636401;2521886
1989543;2648261
2648261;1989543
1275916;2814517
2122321;1369872
1369872;2122321
1231516;2456977
2456977;1231516
1417657;2576607
2243291;1766915
1766915;2243291
2976201;1363661
1363661;2976201
1861939;2746413
2746413;1861939
2406046;1394324
1394324;2406046
2030694;1993738
1993738;2030694
1117217;2557935
2557935;1117217
1197972;2353559
2353559;1197972
1626652;2344196
2344196;1626652
1347899;2195523
2195523;1347899
2229204;2677357
1109436;2814103
2814103;1109436
1924740;2649529
2649529;1924740
1644328;2800749
2800749;1644328
2485270;1141845
1141845;2485270
2712974;2655972
2655972;2712974
1189696;2875846
2875846;1189696
2960473;1309071
1309071;2960473
1363217;2831351
2831351;1363217
1658983;2640888
2640888;1658983
1691850;2186521
2186521;1691850
1479083;2323698
2323698;1479083
2698050;1410214
1410214;2698050
1728300;2787179
2787179;1728300
2409816;1049238
1049238;2409816
2590393;1446089
1446089;2590393
2788947;1425221
1425221;2788947
2946695;1425878
1425878;2946695
1994364;2249552
2249552;1994364
2637365;1601718
1601718;2637365
1399508;2455653
2455653;1399508
2547848;1235435
1235435;2547848
1511914;2666795
2666795;1511914
1765879;2099202
2099202;1765879
2562164;1864059
1864059;2562164
1019218;2104540
2104540;1019218
2852491;1809495
1807608;2298439
2298439;1807608
2331630;1396652
1396652;2331630
1921297;2681203
2681203;1921297
2272642;1884822
1066078;2522180
2522180;1066078
1344425;2128786
2128786;1344425
1712216;2771294
2771294;1712216
2279178;1374813
1374813;2279178
2365559;1739445
2539124;2976644
1610114;2907325
2907325;1610114
2606497;1742271
1742271;2606497
2054603;1931822
1931822;2054603
2379080;1458445
1458445;2379080
2130828;1760554
1760554;2130828
2670518;1132701
1132701;2670518
1186096;2500794
1149839;1104733
2588188;1774824
1774824;2588188
1933469;2588082
2588082;1933469
1864531;2847280
2847280;1864531
2522138;1762699
1762699;2522138
1985318;2308702
2308702;1985318
2091165;1225845
1225845;2091165
2929171;2068565
2068565;2929171
2617492;1498946
1498946;2617492
2515845;1514154
1514154;2515845
2441755;1801706
1801706;2441755
1760147;2057935
2057935;1760147
1984220;2336365
2336365;1984220
2992180;1456725
1456725;2992180
2919586;1192489
1192489;2919586
2041049;1990075
1990075;2041049
1848955;2040216
2040216;1848955
2884012;1119417
1119417;2884012
2804394;1969808
1969808;2804394
1967657;2341282
2341282;1967657
2720336;1078626
1078626;2720336
1558798;1762699
2141321;1647816
1647816;2141321
1647719;2877790
2877790;1647719
2923410;1757776
1151815;2521795
2521795;1151815
1366612;2682172
2682172;1366612
1335554;2257215
2257215;1335554
2310728;1853973
1853973;2310728
1455842;2853543
2853543;1455842
1511648;2366788
2366788;1511648
2378244;1877950
1877950;2378244
1704880;2901670
2901670;1704880
1261227;2927621
2927621;1261227
2372841;2970517
2685680;1350718
1350718;2685680
2990455;1346402
1346402;2990455
1057482;2164231
2164231;1057482
2402890;2000927
2503291;2682485
2225986;1994197
1994197;2225986
1882435;1653738
1653738;1882435
2170855;2655189
2676595;2077060
1603249;2594709
2594709;1603249
1267008;2943553
2943553;1267008
2687325;2893856
1209769;2861289
2861289;1209769
2157690;1836286
1836286;2157690
1179538;1735630
2842149;1659571
2433408;1349655
1349655;2433408
1056338;2964342
2964342;1056338
1572707;2328187
2328187;1572707
2690456;1991501
1991501;2690456
2129824;1813733
1813733;2129824
2600655;1763804
1763804;2600655
2018061;1679626
1679626;2018061
1241986;2080804
2080804;1241986
2190108;1424177
1424177;2190108
2270249;1670965
1670965;2270249
2447013;1202607
1202607;2447013
2040676;1928650
1928650;2040676
1811160;2632474
2834820;1354507
1354507;2834820
1367720;2703596
2703596;1367720
2963047;1733435
1733435;2963047
2877866;1475296
1475296;2877866
2423844;1398141
1398141;2423844
1089934;2128849
2128849;1089934
1663620;2151525
2151525;1663620
2086542;1638784
1638784;2086542
2083049;1275916
2045037;1991192
1991192;2045037
2381422;1588860
1588860;2381422
2360002;1183049
1183049;2360002
1902511;2418783
2418783;1902511
2280814;1257846
1257846;2280814
2140036;1567730
1567730;2140036
1355184;2791645
2791645;1355184
2469157;2908150
2083205;2600317
1237892;2370111
2370111;1237892
2271727;2000927
2250609;1257969
1257969;2250609
1041521;2692184
2692184;1041521
2317128;1496191
1496191;2317128
2985886;2320811
2270270;1303506
1303506;2270270
1318913;1573803
1573803;1318913
2047959;1147651
1147651;2047959
2051376;1870013
1870013;2051376
1978076;2624409
2624409;1978076
2719472;1669032
1669032;2719472
2977512;1080950
1080950;2977512
2020406;1686917
1686917;2020406
1083117;2247187
2247187;1083117
1122311;2209632
2209632;1122311
2743588;1326082
1326082;2743588
1375617;2414379
2414379;1375617
2525003;1660840
1660840;2525003
2005843;1864906
1864906;2005843
2412667;1777860
1777860;2412667
1057090;1608064
1608064;1057090
1581397;1883447
1883447;1581397
1465742;2844752
2844752;1465742
1987769;2738291
2820200;1377070
1377070;2820200
1742138;2001657
2001657;1742138
2104187;2748838
1815012;1113837
1452443;2210549
2753224;1620762
1620762;2753224
2500525;2738887
2738887;2500525
1653191;2508320
2508320;1653191
1856597;2864460
2864460;1856597
2480508;1047864
1776405;2229204
2387407;1657947
1657947;2387407
2646256;1829209
1829209;2646256
1179021;1652621
2580521;1311190
1311190;2580521
1106546;1882843
1882843;1106546
2642616;1202607
2631104;2655189
1148909;2480508
1822572;2947164
2947164;1822572
1314100;2056149
2056149;1314100
1862898;1479756
1822015;2407631
2407631;1822015
2117998;1740665
1740665;2117998
1310500;1506288
2808240;1266495
1266495;2808240
2918546;1517673
1517673;2918546
2595886;1602451
1602451;2595886
2053973;1421006
1421006;2053973
2716633;2473873
2473873;2716633
2958318;1242592
1242592;2958318
1157689;2476368
2476368;1157689
1378315;2701814
2701814;1378315
2571461;1905347
2193179;1215318
1215318;2193179
2018289;1659226
1659226;2018289
1903259;1774467
1774467;1903259
2559125;1883447
2049104;1379142
1379142;2049104
1063793;2363646
2363646;1063793
1098516;2897259
2897259;1098516
2839126;1583266
2886511;1987769
2370919;1422752
1422752;2370919
1533080;2365202
2365202;1533080
1631079;2233605
2233605;1631079
2312059;2204090
2204090;2312059
1961009;2436171
2436171;1961009
1144305;2928117
2928117;1144305
1777919;2978383
1919882;1815012
1546190;2095743
2095743;1546190
1439632;2222451
2222451;1439632
2353288;1837324
1837324;2353288
2064952;1882685
1882685;2064952
1128365;2819787
2819787;1128365
2599492;1115976
1115976;2599492
2562355;2612185
2441889;1472422
1472422;2441889
1216544;2843619
2843619;1216544
2806696;2159955
1507204;2657587
2657587;1507204
1675544;2487124
1246113;2566308
2566308;1246113
2526597;1062494
1062494;2526597
1741242;1844720
2159358;1379197
1379197;2159358
2462828;1369446
1369446;2462828
1027693;1690847
2920980;2919542
2919542;2920980
1914710;2760508
2760508;1914710
2691151;1555900
1555900;2691151
1338332;2969057
2969057;1338332
2370990;1699388
1699388;2370990
1759233;2254496
2254496;1759233
1622606;2723664
2723664;1622606
2334811;1328917
1328917;2334811
2169735;1485714
1485714;2169735
2960892;1959249
1959249;2960892
1487566;2179576
2179576;1487566
1831024;1895291
1895291;1831024
1972233;2748838
1287523;2385470
2385470;1287523
1690349;2087694
2087694;1690349
2044245;1746217
1746217;2044245
1103185;2250036
2250036;1103185
2526471;1046576
1046576;2526471
1684279;2239134
2239134;1684279
2387717;1133936
1133936;2387717
2256066;1336761
1336761;2256066
1974889;2487891
2487891;1974889
1375673;2712974
2156298;2723664
2843236;1980925
1980925;2843236
1207786;2174016
2174016;1207786
2485023;2419881
2320157;1190694
2327019;1220976
1220976;2327019
2826391;1454457
1454457;2826391
1783436;1310500
1656307;2560026
2560026;1656307
2860994;1935156
1935156;2860994
1424036;2757981
2757981;1424036
1224340;2411295
2411295;1224340
1885726;2176298
2176298;1885726
2072922;1303338
1303338;2072922
2017275;1351442
1412273;2592165
2592165;1412273
1578775;2726070
2726070;1578775
2492987;1815012
2594754;1972233
2357313;1199190
1199190;2357313
1184518;2500525
2081170;2655189
1741349;2271727
2194583;1127687
1127687;2194583
2669984;1530451
1530451;2669984
1160008;1925337
1447926;2994762
2994762;1447926
2811415;1684362
1684362;2811415
2500951;1975949
1975949;2500951
2093479;1852219
1852219;2093479
1203533;2856729
2856729;1203533
2674111;1426136
1426136;2674111
1937387;2688514
2688514;1937387
2821247;1471662
1471662;2821247
1632387;2291005
2291005;1632387
2622065;1421968
1421968;2622065
2156547;1288184
1288184;2156547
1743196;1652550
1304358;2369640
2757285;1357283
1357283;2757285
2678808;2130078
1552235;2076739
2076739;1552235
1150894;2227484
2227484;1150894
2235737;1471531
1471531;2235737
1832380;2773345
2773345;1832380
1433923;2544211
2544211;1433923
1715918;2224338
2224338;1715918
2922589;1752587
1752587;2922589
1921720;2694286
2694286;1921720
2473592;1508877
1125978;2009713
2009713;1125978
1188525;2571595
2571595;1188525
2768076;2393702
2898897;1722347
1722347;2898897
1361954;2801755
2801755;1361954
2306546;1741242
2683948;1465742
1202273;2104187
1381139;2095182
2095182;1381139
1691263;2131881
2131881;1691263
2117577;1491865
1491865;2117577
2959952;2771294
1369080;2566189
2566189;1369080
2597405;1508749
1508749;2597405
1699175;1726187
1143315;2318081
2318081;1143315
1394141;2205666
2205666;1394141
1792778;2664108
2664108;1792778
1337599;1017030
1135176;2503330
2503330;1135176
1971223;1455119
1886944;1665897
1665897;1886944
2407444;1845170
1845170;2407444
1121916;2739181
2739181;1121916
2114052;1621642
1621642;2114052
2315334;1526656
1526656;2315334
2536471;1231372
1231372;2536471
2558102;2334509
2100338;1290394
1290394;2100338
1780527;2573162
2573162;1780527
2718404;1284977
1284977;2718404
1496074;2542108
2542108;1496074
1337014;2299869
2299869;1337014
1715545;2970517
1407713;2264998
2264998;1407713
2943851;2473803
2473803;2943851
2411086;2559125
2077229;1276424
1276424;2077229
1495369;2225664
2225664;1495369
2032805;1010009
1010009;2032805
2847595;1814643
1814643;2847595
1147750;2881788
2881788;1147750
2975026;1358000
1358000;2975026
2862389;1831024
1657803;2135394
1479306;2655153
2655153;1479306
1275674;1207238
2512454;1910107
1910107;2512454
2078672;1960209
1960209;2078672
1028482;2443827
2443827;1028482
2595932;2653909
2907203;1600914
1600914;2907203
1856894;2044151
2044151;1856894
1050936;2022486
2022486;1050936
2989815;1095503
1095503;2989815
2333428;1849637
1849637;2333428
1291213;2591078
2591078;1291213
1582572;1205881
1141527;2606664
2606664;1141527
1455018;2355966
2355966;1455018
1524935;2555815
2555815;1524935
1049315;2586281
2819885;1875913
1875913;2819885
1365250;2054920
2054920;1365250
2780851;1033014
1033014;2780851
2245304;1657803
1868278;1336133
1805638;2062742
2062742;1805638
1711725;2980379
2980379;1711725
1065995;2045248
2045248;1065995
1037226;2664627
2664627;1037226
2415871;1185268
1185268;2415871
2018131;2062791
1029501;2985122
2985122;1029501
1548115;2673521
1480412;2127158
2127158;1480412
2419423;1588751
1588751;2419423
2081570;2312059
1040984;2029708
2029708;1040984
1556317;2532813
2532813;1556317
2961661;1682890
1682890;2961661
1628175;2000426
2000426;1628175
2041429;2002143
2054987;2932157
1565324;2282775
2282775;1565324
1777499;2903125
2903125;1777499
2116576;1073474
1073474;2116576
2186394;1634536
1634536;2186394
1570107;2834685
2834685;1570107
1917806;2970517
2330005;1690001
1690001;2330005
1478787;2372484
2372484;1478787
1402271;1524044
2712514;1533076
1533076;2712514
1050596;2648085
2648085;1050596
2270331;1641328
1641328;2270331
1233723;1622606
2990243;1056401
1056401;2990243
2164207;1350159
2978672;1071046
1071046;2978672
1413911;2970517
1966363;2634888
2634888;1966363
1326173;2326015
2326015;1326173
2924140;1886944
2108692;1759675
1759675;2108692
2514531;1144420
1144420;2514531
1767001;2741059
2741059;1767001
1755328;2933944
2933944;1755328
2516781;1373313
1373313;2516781
2592079;2984395
2292240;1620051
1620051;2292240
1759264;2012641
2012641;1759264
2375928;1729058
1729058;2375928
1403030;1960209
2228448;1521509
2460416;2889998
1873748;2360466
2360466;1873748
2450938;1843066
1843066;2450938
1432377;2233483
2233483;1432377
1619136;2328329
2328329;1619136
1258102;2385287
2385287;1258102
1597348;2892608
2892608;1597348
1541310;2400070
1463162;2720167
2720167;1463162
1378656;2649194
2649194;1378656
2614975;1360791
1360791;2614975
2872849;2575558
1753064;2056816
2056816;1753064
2004201;2806696
1561119;2250389
2250389;1561119
1181943;2025146
2025146;1181943
2779447;1350710
1350710;2779447
2199384;1155263
1155263;2199384
1410783;2643902
2643902;1410783
2898747;2445869
1038970;2164354
2164354;1038970
1102682;1933089
1105431;2773432
2773432;1105431
1821046;2189495
2189495;1821046
1057856;2537434
2537434;1057856
2136753;1423062
1423062;2136753
1831382;2596444
2596444;1831382
1957529;2365223
2365223;1957529
2349695;2325589
1320636;2919299
2919299;1320636
1428396;1081269
1570710;2695784
2695784;1570710
2694917;1643137
1643137;2694917
1548123;2010729
2010729;1548123
1658424;2167112
2167112;1658424
1893231;2673441
2673441;1893231
1620073;1401541
2035374;1332797
1332797;2035374
2743848;1977464
1977464;2743848
2230345;1179808
1179808;2230345
1065994;2217321
2217321;1065994
1336126;2748773
2154978;1914614
1914614;2154978
2965099;1405464
1405464;2965099
2392169;1728619
1728619;2392169
2459876;1404255
1404255;2459876
1646969;2391616
2694273;1757198
1757198;2694273
2530987;1776113
1776113;2530987
2056119;2746413
2126843;1640198
1640198;2126843
1330987;2176846
2176846;1330987
2367887;2032805
2669339;1815012
2450051;1580145
1580145;2450051
2606437;1625444
1625444;2606437
1289838;2852775
2852775;1289838
1973697;1828940
2131400;1132869
1132869;2131400
2881277;1965285
1965285;2881277
2352182;1269364
2535912;2116576
1222982;2671840
2671840;1222982
2751562;2082801
2624076;1937660
1937660;2624076
2689470;1969830
2489022;1201903
1201903;2489022
2322445;1812533
1812533;2322445
1018415;1734382
1859951;2206236
2206236;1859951
1028076;2319707
2319707;1028076
2895311;1753918
1753918;2895311
2082891;1825115
1825115;2082891
2528477;1768403
1768403;2528477
2843684;1229041
1229041;2843684
1350546;2086796
1124851;2007517
2007517;1124851
2016850;1624321
1624321;2016850
1538843;2367887
2876990;1072365
2454784;2020406
1243779;2320563
2320563;1243779
1339853;2780851
1546680;2132256
2132256;1546680
1251211;2634888
1502321;1794734
2989465;1669949
1669949;2989465
1980971;2999248
2999248;1980971
1738071;2616915
2616915;1738071
1503939;2332365
2332365;1503939
2492795;2043422
2264661;1234131
1234131;2264661
1261174;2003254
1971099;1792778
2276763;2002889
1656988;2171598
2171598;1656988
2085329;1627000
1627000;2085329
1396217;2906296
2906296;1396217
1541408;2303195
2303195;1541408
1349492;2127879
1487308;2025256
2025256;1487308
2004853;1777919
1378953;2452487
2452487;1378953
1143728;1682648
1682648;1143728
1015113;2945959
1784999;2146364
2146364;1784999
2015616;2715024
2224564;1128555
1128555;2224564
2064467;2772974
2102524;2354397
2926263;2094284
2094284;2926263
1514950;2797543
2797543;1514950
2996085;1049315
2115547;1740595
1740595;2115547
2032577;1352685
1352685;2032577
2750964;1402271
1460986;2390972
2390972;1460986
2899604;1237988
1237988;2899604
2962677;1355094
1355094;2962677
2758530;1091138
1091138;2758530
2763646;1336041
1336041;2763646
1664687;1237610
1137666;2802929
1924252;2750273
2750273;1924252
2857572;1582572
2483064;1438785
1438785;2483064
1954848;2205728
2205728;1954848
1449202;2885121
2885121;1449202
1767527;2940222
2940222;1767527
1338823;2942437
2942437;1338823
2762796;1428396
2043062;1774467
2496049;1296482
1190549;2244966
2244966;1190549
2013231;1730736
1730736;2013231
2324555;1668203
1668203;2324555
2602088;2083625
2083625;2602088
1480319;2974960
2974960;1480319
2200957;1061809
1061809;2200957
2067388;1052771
1052771;2067388
2789018;1603696
1603696;2789018
1947879;2393702
1394666;2044350
2044350;1394666
2697515;1116125
1116125;2697515
2216894;1698074
1698074;2216894
2397998;1358771
2247594;1367536
1367536;2247594
1952633;1658985
1658985;1952633
2533291;1588086
1588086;2533291
1154918;1417657
2854527;1286823
1286823;2854527
2238904;1350546
2191680;1773412
1773412;2191680
2185128;1116125
1260403;2638767
2638767;1260403
1331718;1791550
1880455;2481973
2481973;1880455
2570889;1339853
1076640;2604725
2604725;1076640
1873931;2173093
2173093;1873931
1355812;2624409
2083682;1424330
1424330;2083682
1502439;2800220
2685702;2141069
1322248;2592079
1647047;1536117
2342108;1695496
1181119;2597129
2597129;1181119
2554705;1099141
1099141;2554705
1732932;2110156
2110156;1732932
1310896;2808262
1722588;2809621
2809621;1722588
2108708;1735632
1735632;2108708
1209342;1698213
2851954;1530441
1530441;2851954
2626061;2419881
2285042;2334509
2932767;1229754
1229754;2932767
2616350;1506288
2612638;1066972
1249645;2996008
2996008;1249645
1905502;1015113
2257065;1416861
1416861;2257065
1920045;2684211
2684211;1920045
2891673;1022749
1022749;2891673
2083233;1287700
1287700;2083233
2964273;1007529
1007529;2964273
1749418;1351442
2276672;1743977
1743977;2276672
2475433;1998843
2962786;1038146
1733018;2243591
2243591;1733018
2119997;1701293
1701293;2119997
2985190;1365359
2795889;2445869
1144778;2657852
2657852;1144778
1624112;2897495
2897495;1624112
2907878;1231188
1231188;2907878
2684974;1016062
1016062;2684974
1609763;1115976
2963162;1101532
1101532;2963162
1715407;2424598
2424598;1715407
2992397;1570600
1570600;2992397
1354411;2844312
2844312;1354411
2576449;2390766
1736426;2572503
2572503;1736426
1690930;2117934
2117934;1690930
1596532;2644021
2644021;1596532
2898179;1283556
1283556;2898179
1659100;1831024
1835544;1659964
2700631;1756078
1756078;2700631
1212513;1336133
1087522;1256437
1589971;2980824
2980824;1589971
2147137;1414707
1424255;2520177
2520177;1424255
2625754;1642645
1642645;2625754
1033772;1477222
1891305;2965755
2965755;1891305
1981425;2309243
2768762;2855038
1079587;2627824
2627824;1079587
2963394;1369794
1369794;2963394
1706145;2372841
2238180;1155286
1155286;2238180
2343419;1448616
1448616;2343419
1058108;2570720
2570720;1058108
1579426;2471777
2471777;1579426
1393479;2274768
2274768;1393479
2749134;1673170
1673170;2749134
1384988;2538126
2538126;1384988
1833571;2834017
2834017;1833571
2722502;1548115
1052834;2738887
2508384;1997272
1997272;2508384
2180024;2636302
2636302;2180024
1289047;2934513
2934513;1289047
2270841;1885922
1885922;2270841
2408591;1800823
1800823;2408591
2191593;1175471
2762937;2970517
2558519;1208028
1747708;2581840
1184196;2378874
2378874;1184196
2325886;1990172
1124639;2947878
2947878;1124639
1788703;2673521
2502322;1277988
1277988;2502322
1156651;2780685
2780685;1156651
1203282;2927971
2927971;1203282
2247914;1750246
1750246;2247914
2419498;1747390
1747390;2419498
2967374;1502321
2932318;1902710
1902710;2932318
1932044;1274104
1882722;2754079
2754079;1882722
2971403;1268228
1672660;1727355
1929946;2516781
2461863;1005142
1005142;2461863
2328321;1952633
1456560;2579782
2579782;1456560
2524177;1315315
1315315;2524177
2692581;1725597
1367111;2611099
1168529;2965903
2965903;1168529
1242548;2038148
2038148;1242548
2384404;1903259
2813173;1987882
1987882;2813173
2935177;2722696
1248272;1702168
2975435;2271727
1384127;1903259
2585649;1275674
1774504;2801427
2801427;1774504
2147378;1703383
1703383;2147378
1261495;1486572
1486572;1261495
1156723;1339853
2476711;1467852
1467852;2476711
2336098;1831403
2208464;1449853
1449853;2208464
2004695;1608479
1566195;2253596
2253596;1566195
2613652;2889998
2744029;1168430
1168430;2744029
2028501;1104252
1104252;2028501
2375899;1248272
1804703;2939983
2466157;1461919
1461919;2466157
2962098;1321902
1321902;2962098
1930730;1179538
2137536;1018415
2381513;1595615
1595615;2381513
2949715;1144643
1144643;2949715
1113144;2099758
2099758;1113144
1067984;2723849
2723849;1067984
1240450;1842320
1054486;2004201
2387915;1577641
1577641;2387915
2917744;1642645
2076166;2962914
2962914;2076166
1515054;2698988
2698988;1515054
1699980;2913811
2913811;1699980
1066053;2580721
2580721;1066053
2644885;1514004
2217369;2797543
2548282;1349204
1349204;2548282
1177347;2041429
1231780;2868693
2868693;1231780
1533758;2157267
2157267;1533758
1955035;2264030
2264030;1955035
2627331;1637924
1637924;2627331
1207153;2480524
2480524;1207153
2059200;2391639
2668546;2336388
2336388;2668546
1329837;2929171
2409250;1342944
2671331;1112181
1112181;2671331
1343715;2910964
2910964;1343715
2474599;1239705
1239705;2474599
1100157;2435404
2435404;1100157
1706894;2538126
1704109;1833571
2097780;1938164
1938164;2097780
1069100;2570674
2570674;1069100
2437748;1458425
1458425;2437748
2937879;1398679
1398679;2937879
2191309;1658151
1910010;2380032
2380032;1910010
1043294;2621073
2621073;1043294
2064765;2597129
2116866;1116380
1324664;2216319
2216319;1324664
1983164;2980716
2980716;1983164
1026033;2017275
2074526;1068636
1068636;2074526
2605760;1071262
1071262;2605760
2328645;2924140
1071371;2658106
2147765;1833571
1256629;2612638
2468662;1559720
1559720;2468662
1972706;2744532
2744532;1972706
2687626;2552279
1752522;2375955
1544805;2866935
2866935;1544805
2187574;2970517
1068015;2094284
2288158;1741138
2880149;1631079
1301471;2119842
2119842;1301471
1413559;2324555
1039157;2898747
2595659;1308468
1920940;2602629
2602629;1920940
2123103;1557122
1557122;2123103
2714643;1486572
2825790;2800220
2841664;1413559
2261852;1382951
1382951;2261852
2101897;1653855
1322892;2767750
2767750;1322892
1554702;2353248
2353248;1554702
2139548;1850033
1850033;2139548
1806269;2336388
2502340;1490443
1490443;2502340
2799781;1373313
1440872;2147137
2642373;1540136
1540136;2642373
1318608;2155223
2155223;1318608
2657746;1543929
1543929;2657746
1668811;2917844
2917844;1668811
2096354;2101207
2587982;2469760
2469760;2587982
2500452;1121433
1121433;2500452
1463081;2678808
2961030;1949066
1949066;2961030
2943062;1156723
1661909;2776770
2776770;1661909
1514073;2071298
2071298;1514073
1595762;2827142
2827142;1595762
1264075;2595659
1595732;2926680
2926680;1595732
1880436;2083205
2895321;2595932
2707200;1884423
1884423;2707200
1573593;2962914
1684601;2328335
2328335;1684601
2392616;1750464
1750464;2392616
1833998;2355197
1376060;1078941
1219713;2047765
2047765;1219713
1924388;2415110
2415110;1924388
1902489;2890617
2444978;1467442
1467442;2444978
2707405;2582452
1641724;2191593
2599498;1307116
1359064;1734382
2374156;2841664
1782309;2640120
2640120;1782309
1172679;2354389
2354389;1172679
2162104;1241545
1241545;2162104
1443741;2015332
2950939;1027693
2905585;2644021
1885711;2473626
2473626;1885711
2026289;1683218
1683218;2026289
1533542;1513017
2243493;1432262
1432262;2243493
1463766;2277505
2277505;1463766
1496628;2337363
1907336;2105949
2105949;1907336
2963975;1495582
1495582;2963975
1014270;1652550
1755086;2481358
2481358;1755086
2357720;1310599
1310599;2357720
1095930;2739181
2722804;1147898
1147898;2722804
2327729;1876995
1876995;2327729
2176524;2015616
2660007;1917081
1917081;2660007
2585760;2576814
2064410;1138372
1138372;2064410
1492229;1966630
1082243;2240031
2240031;1082243
2484131;1880436
2960179;1030129
1030129;2960179
2219940;2194146
2261360;1164545
1164545;2261360
1365005;1130598
2083031;1181542
1181542;2083031
2568149;1337599
1440990;2242981
2242981;1440990
2456501;1863264
1863264;2456501
2757076;1111506
1111506;2757076
1980772;2127687
2127687;1980772
1452028;2091058
2091058;1452028
1718560;2057344
2057344;1718560
2817911;2977555
1513432;2129824
2401797;2631104
2549114;2109446
2109446;2549114
1487253;1536086
2811134;1573047
1573047;2811134
2444261;2585414
1181347;2510427
2851673;2420882
1194600;2101897
1076936;2755947
2755947;1076936
2976216;1591494
1591494;2976216
1155363;1625072
1625072;1155363
1490940;1480412
2962888;1975381
1975381;2962888
1612731;2926263
2994479;1821093
1821093;2994479
2300530;1505332
1505332;2300530
1772648;1551359
2920916;1336126
2349088;2683845
2344070;1242688
1242688;2344070
2564392;2311811
2741644;2695735
2504410;1336133
1694813;2521695
2521695;1694813
1580304;2038431
2038431;1580304
1273795;2719875
2719875;1273795
1000773;2538498
2538498;1000773
2473929;1047485
1047485;2473929
2840870;1425228
1425228;2840870
2458167;1804703
1522415;1052771
2733315;1651018
1651018;2733315
1023307;1755086
1126544;1690001
1489571;2336685
2336685;1489571
1405046;2689470
2306507;1342944
1833828;2228511
2228511;1833828
2797853;2330005
1634398;2695735
2711882;1564620
1564620;2711882
1444501;2914090
2707290;2353114
2126162;1558878
1558878;2126162
1468379;2888833
2888833;1468379
1405872;2506568
1037385;2683845
2614962;1600912
1924298;1971054
2321877;1606711
1606711;2321877
1773088;2751562
2496986;1357516
1357516;2496986
2274071;1484473
1484473;2274071
1784134;2196426
2196426;1784134
1534730;2218421
2218421;1534730
2035085;1261863
1261863;2035085
1880337;2405346
1252559;2673521
2270827;1306494
1306494;2270827
1196504;2877065
2877065;1196504
2374408;2353114
2300479;1661351
1661351;2300479
1539423;2707290
2050340;1917806
1385922;2801358
2801358;1385922
2585226;1252559
2964875;1365005
1011995;2957529
2957529;1011995
1438836;2718685
2718685;1438836
1749637;2054920
1039977;2365559
2290821;2970517
2507954;1160249
1160249;2507954
1060505;2387407
1742841;1349673
1088819;2772723
2772723;1088819
1017939;2885674
2885674;1017939
1534160;2970517
1266022;1207238
2559025;1144778
2705396;1181347
2479151;1175471
1419815;2109446
2312645;1266022
1916535;2039796
2039796;1916535
2601838;1060377
1060377;2601838
2586501;1720842
2323672;2383935
1365657;2190160
2950739;1272281
1272281;2950739
1895921;1054324
1563946;2787219
2787219;1563946
2216281;1058028
1058028;2216281
1345989;2625754
1033593;2741174
2741174;1033593
1826216;2614962
1304683;2550862
2550862;1304683
2018371;1784704
1784704;2018371
1570928;1375673
1700074;2491348
2491348;1700074
1347871;2420213
2420213;1347871
2840019;2209799
2494412;1029739
1029739;2494412
1736780;2455217
2455217;1736780
1281700;2599492
2656158;1723127
1769308;2845050
2845050;1769308
2590445;2576607
2486716;2932157
1335506;2917648
2917648;1335506
2605193;1728296
1728296;2605193
1502178;2327322
2327322;1502178
1868876;2374514
2374514;1868876
2179234;1632100
1632100;2179234
1819111;2908150
1089232;2226627
1679236;2038305
2038305;1679236
1305846;2328895
2328895;1305846
1754876;1644440
2533964;2175440
2910221;1405872
1495426;2972639
2972639;1495426
2319603;1350546
2205772;1747708
1553475;2191725
2191725;1553475
1394310;2643902
1507900;2670053
1193112;2953455
2953455;1193112
1034104;2564392
2532788;1682648
2620580;1179021
1421981;1479756
2683661;2472508
2472508;2683661
1925620;1390985
1400815;1536086
1033499;2067329
2067329;1033499
1018096;2664499
2664499;1018096
1818295;1743196
2757546;1220348
1196594;1349655
2273004;2176586
1001966;2488689
2488689;1001966
2012460;1482471
1482471;2012460
2759724;1057244
1057244;2759724
1598830;2533964
2052044;1335762
1335762;2052044
1941543;2840019
2931902;1012905
1012905;2931902
2815134;1376060
1979073;1783436
2199051;1896737
1896737;2199051
2057203;1228774
1228774;2057203
2702116;2526471
2075159;1631303
1631303;2075159
2483809;1808196
1808196;2483809
1216702;2511443
2986721;2676468
1653703;1052771
1167117;2612052
2612052;1167117
2290220;2098059
1551226;2504410
1896162;1116125
2773801;1434017
1434017;2773801
1467190;2768762
1312416;2067348
2067348;1312416
1522728;2920916
1615285;1417657
1551190;2301293
2301293;1551190
2684384;2173093
1666332;2907041
2907041;1666332
1285485;2683157
2068430;1017690
1017690;2068430
2791761;1521873
1521873;2791761
2832745;2081170
1700952;2576449
2367412;1250993
1250993;2367412
1376657;2486716
1449724;2797058
2797058;1449724
2280703;1715545
1202318;2547716
2547716;1202318
1443677;2614962
2746037;2454518
2869916;1595681
1595681;2869916
1846538;2395284
2395284;1846538
2388758;1246932
1474206;2988079
2988079;1474206
1135077;2474148
2226353;2671840
2257851;1683218
1964107;2261297
1214725;2687325
2498079;2866847
1678263;1361954
2945908;1599560
1413127;1725802
2045695;2800220
1322792;2099004
2099004;1322792
1705535;2309344
2309344;1705535
2335526;1380175
1380175;2335526
2344850;1188957
2129766;1237357
1237357;2129766
1236666;2251015
2251015;1236666
1271314;1806719
2618975;2288158
1260102;2230173
2230173;1260102
2318540;2532788
2600776;1826216
2063508;1189696
2213310;1141477
1141477;2213310
2410835;1888955
1888955;2410835
1774131;2260427
2260427;1774131
2522658;1934213
1934213;2522658
2921158;2640120
2243058;1833998
2653151;1495312
1495312;2653151
2424990;1060505
2861461;2194583
2705038;1156651
1462679;2354331
2354331;1462679
2058368;1413397
1413397;2058368
2396056;1953138
1485439;2565113
2241318;1762314
2109344;2600655
2716212;1495853
1495853;2716212
1106038;2861461
1306500;2276293
2276293;1306500
2055444;1084368
1084368;2055444
2157060;1394310
1402468;2509441
2509441;1402468
2718101;2965755
1449438;2639608
2639608;1449438
1236232;1058108
1775964;2922169
2922169;1775964
2248155;1443741
1775562;1814623
1127318;2330455
2330455;1127318
1030869;2498685
2883013;1197489
1197489;2883013
2819867;1058560
1058560;2819867
1757186;2741648
2741648;1757186
1702505;2451192
2451192;1702505
1263599;2220834
2220834;1263599
2790589;2722804
2777325;2540031
2390121;2159358
2814212;1442949
1442949;2814212
2604945;1400815
2817652;2903183
1316141;2562056
2562056;1316141
2715072;1681811
2286812;2919542
1345195;2247735
2247735;1345195
2146489;1530794
1530794;2146489
1968066;2907878
2553589;1070773
1070773;2553589
1141147;2126874
1349403;1995280
2126366;1818104
1818104;2126366
1144089;1752587
1939693;2972013
2972013;1939693
1577676;1144420
1239616;2937127
1212921;2179596
1198390;2855666
2855666;1198390
2700010;2293976
2184221;1554200
1165100;2050942
2050942;1165100
1420782;2646256
2316131;1883244
1883244;2316131
1952749;1396273
2402834;1028719
1028719;2402834
2842367;2676468
2923384;1522878
2094041;2330005
2229945;1788703
1725848;1679626
1747739;2394816
2394816;1747739
1704031;2295025
2295025;1704031
2160125;1679376
1679376;2160125
1009770;1986132
2458905;1795864
1795864;2458905
1952477;2746037
2274886;2425375
1317487;2982942
2982942;1317487
2801028;1078941
2573416;2388758
1722946;1807277
2553373;1138372
2638853;1714193
1714193;2638853
2880865;1587496
1461581;1155363
1705968;2010732
2010732;1705968
2408956;1244836
1244836;2408956
2326763;2897259
2520564;1144089
2271720;1534160
1134734;1732073
2554355;1425228
2555722;2841115
1780037;2603370
2603370;1780037
2768461;1822016
1822016;2768461
2777201;2410418
1211688;1365657
2561242;1340474
1340474;2561242
1646757;2271720
2349979;1329481
2536894;2851673
2894591;1376060
2182938;2932157
1243685;2304310
2304310;1243685
1139711;2611144
2966334;1431631
2797441;1747038
1747038;2797441
1905611;2454784
2287924;2545422
2545422;2287924
2297350;2271998
1984294;2381945
1358487;2863986
2863986;1358487
2603659;2710205
2325319;1641972
1290171;2675761
2675761;1290171
2345375;1429365
1429365;2345375
2028597;2518498
1649236;2673005
1342261;1344242
1503846;2456462
2456462;1503846
2531281;1657050
1657050;2531281
2635058;1775964
1793574;2052388
2052388;1793574
1465810;2626829
2626829;1465810
1814836;2191309
1203418;2535912
2453015;2683661
1247068;1058108
2904641;1106546
1495960;1696390
2741177;2677148
1265221;2205772
2540217;1996797
1496173;2986138
2986138;1496173
1361396;2695335
2695335;1361396
1555021;2004695
1123847;2602236
2602236;1123847
2494243;2922169
1667399;2056325
2056325;1667399
1163279;2352563
2352563;1163279
2830020;2647031
1605838;2182938
1829108;2502322
2475250;1541310
2858098;1992404
1992404;2858098
2048640;1033772
1838124;1424036
1771589;2866165
2866165;1771589
2492831;1071371
2760887;1414707
1812922;2827064
2827064;1812922
2919978;1634159
1634159;2919978
1704949;1451110
2066682;2893229
2718003;2390679
2390679;2718003
2091638;2061594
1597666;2250886
1830172;1063793
2291946;1102682
2710354;1605719
1603686;2224609
2224609;1603686
2197154;1355760
1355760;2197154
2083478;1021449
1021449;2083478
2209002;1651018
1406313;2821458
2821458;1406313
2761819;1704949
1633767;2600776
2453774;1431631
2239522;1116125
1909086;1968066
1874514;2155614
2155614;1874514
2117710;2151525
1988176;2305618
2305618;1988176
1658504;2814372
2814372;1658504
2703687;1345296
1345296;2703687
2442286;1801914
1801914;2442286
2605009;1009228
2436503;1903259
2490933;2996085
2999753;1781355
1781355;2999753
1471560;2342108
1993685;2265055
1388034;2529686
2529686;1388034
2045143;2555722
2683019;2363983
2654086;2192753
1928724;1352532
1352532;1928724
2897196;2348910
1435083;2001657
2143561;1698837
1698837;2143561
1972625;2306507
1976658;2965903
1557985;1320636
1508171;2795889
1430789;2714643
2149057;1007791
1007791;2149057
2170863;2849714
2849714;2170863
1787764;2147137
1660757;2411295
2476764;2670053
2186103;1971099
2348387;1909086
1051990;2540217
1303904;2279668
1934153;2566358
2566358;1934153
2572490;1233872
1233872;2572490
2937095;2176586
2655051;1988176
2614732;1335523
1335523;2614732
2285656;1871475
1467653;2922169
2402446;1986788
2095380;2691151
2699855;1944073
1944073;2699855
2071525;2010732
1789281;2256066
1293117;2684357
1020907;2710354
1996513;1288246
1355780;2290220
1569403;2199782
2199782;1569403
2772318;1256867
1280370;2971403
1938308;2360773
2360773;1938308
1934815;1458445
1687962;2964169
2964169;1687962
1813404;2509567
2509567;1813404
2126978;1487958
1487958;2126978
2007230;1033340
1033340;2007230
1380791;2184221
1911942;2349979
2422767;1326082
1620476;1965611
2539971;1028066
1028066;2539971
2119416;1923420
1380651;1270753
2429709;1490940
2213163;1196594
2956385;2839915
1385734;2424598
1526079;1359064
2970808;1977301
1977301;2970808
2480365;1486572
1567155;2338457
1133256;1970176
2301784;2658029
1301528;2018061
2388795;2327322
1693880;2670053
2771009;2575558
1715962;2839126
1582338;1491865
2987492;2218124
2109448;1657051
1657051;2109448
2085236;1929308
2857801;1620476
2320328;1971874
2831115;1349847
1349847;2831115
2237203;1467653
2720656;1420782
1571941;2460416
2582149;1134734
2590278;1131079
2269447;2190644
1350072;2077879
2077879;1350072
1377851;2801360
2801360;1377851
2002489;2328321
2887875;1660757
2750030;2330455
1518811;2460144
2804762;2647546
2629586;2381945
1539234;2558500
2558500;1539234
2016884;1176018
2987457;1931503
1931503;2987457
2651613;2159955
1637457;1142954
1394156;2280814
2371969;2987531
2797567;2156298
1939842;1189849
2562030;2648261
1169901;1063793
1536939;1220348
2437976;2208464
1203914;2256698
2256698;1203914
1266983;2905585
2947705;1261495
2120271;1318913
2327045;1181563
1181563;2327045
2709655;1952532
1952532;2709655
2776815;2613652
1275531;2495681
2495681;1275531
2838937;1859753
1859753;2838937
2252707;2561242
1693644;2572490
1132713;1599833
1692140;2553154
1713685;1330987
2585678;2591078
2692953;1980925
2796429;1806719
1077717;1503939
1026302;2558519
1098326;1296482
2703075;2397937
2310856;2318540
2178916;2634888
1543858;2949938
2949938;1543858
2044643;1513432
2803104;1976658
2939903;2600655
2153861;1620564
2850283;2532637
2098905;1421981
2198040;1023307
2586409;1784492
1784492;2586409
2309354;1520264
1520264;2309354
2994515;2521886
1782327;1188525
1362485;1467442
2244730;1818571
1818571;2244730
2344231;1624832
1489275;2612185
1534428;1160008
2991655;1682582
1444347;2585678
2505152;2742049
1258745;2792721
2777723;1375446
1375446;2777723
2042587;1362485
1503171;2164354
1531363;2794857
1963733;2020406
1803483;2631833
2631833;1803483
2779369;1009385
1009385;2779369
2198937;1492229
2720417;1881019
2759164;1290086
1290086;2759164
1732333;1507900
2189784;1634398
2697349;2291502
2036442;1496191
1388928;1192489
2739787;1148422
1816988;2003982
2003982;1816988
2045762;2129218
1909303;1822572
1510666;1972706
1170562;1738071
2796345;2099202
1322831;1828585
1155093;1972625
1706646;2656158
2521108;1787764
1269120;2293062
1906790;2372484
1816543;2895306
2584565;2038305
1990137;2004853
2067378;1056338
2765435;1742138
1310645;2658106
1760578;2102524
2003460;2239522
1475764;2349088
1885506;2986721
2721394;1478787
2897736;2177413
1391972;2996085
2468446;2880149
1063832;2999248
2537011;2018371
1894390;1511914
2494045;1932044
1373388;1342261
1761871;2402446
1511627;2375899
2987097;2984395
1967475;1440990
2892232;2796764
2932619;1077717
2353228;2932318
2649485;2432538
2941041;1911942
2382820;1340692
1333408;2287924
2779648;1169901
2239450;1483461
1788565;2744532
1666474;2530949
2756372;1963733
2412747;2442600
1705926;1113144
2117449;2194660
1480365;1964107
1268594;2416871
2416871;1268594
1367800;1653738
1258440;2971403
1399318;1952532
2155165;2743769
2594531;1681811
1030821;2772318
2034343;1380651
2826885;2919978
2512491;1349618
1349618;2512491
2914372;1322831
1548716;1127318
1827071;2069927
2981640;1196504
2005119;1276115
1093647;2492987
1886914;2320328
2829531;1273573
2780255;1924252
1570517;2692953
2712017;1216702
1263813;2702116
1531972;2584565
1658412;2825790
1346222;2279276
2279276;1346222
2310332;2844312
1947738;2547848
1317351;1116125
1689144;1929946
2598291;1653738
1935142;2271727
1561925;2972639
2060319;1599833
2566962;2692953
2184924;1650371
1650371;2184924
2459952;1847404
2843069;1203914
2394834;2407593
1112525;2437976
1435476;2559792
2191532;1303904
1918466;2937095
2532613;1030869
2177641;1577676
2909824;2058368
2309544;2982942
1984442;2391616
2853769;1687962
1969862;1972706
2388660;1713685
2636213;1557985
1620703;1261863
1111666;2517648
2517648;1111666
1336828;1782327
2459252;2804762
1129517;2287924
2518664;1425228
2295202;1838124
1582409;2490933
1896873;1311190
1448479;1147750
2889970;1440872
2398945;1258745
1453926;1365005
1100809;1838194
1772384;2684384
1735241;2528922
2528922;1735241
2792337;1526079
1469656;2892232
2811048;2877866
2321985;2949715
2735781;2025146
2632926;2601477
2840111;1968066
2155657;1170562
1237375;2790589
1240267;1829108
1620911;2309544
1105300;2685680
2967535;2130828
2618680;1589796
1006406;2594531
1495548;2498079
1893135;2321985
1410259;2649485
2076757;2098905
2954514;1693880
1089636;2269447
2944945;1289045
1317271;1929946
2068093;1067518
1067518;2068093
2689850;1706646
2440718;1561925
1640151;1071046
1211059;2354397
1572950;2325319
2014525;1601994
2602433;1640151
2962355;2839126
2011593;1043294
1657372;1301558
2821339;1749418
2315780;1385734
2840194;1894390
2862959;1452028
2882986;2992230
2702553;1965611
2875435;2779369
2327766;1735241
2280174;1830172
1798513;2962888
2076790;2336388
1657173;2071525
1234030;1683218
2186300;1167117
1830517;1289047
1804922;2297350
1283697;2776815
2498360;2147378
1391924;1789281
2425862;2995867
2364806;1100809
1470420;2909824
1255773;2830020
1559951;2007230
2677662;1061809
1047969;2094284
1878347;2843069
1827757;1201631
2451037;2754079
1937056;2553373
2518464;1969862
2776939;1084368
2538373;1293117
1710063;2394834
1678717;1548716
1925519;1127318
1122187;1250993
1136130;2471390
1974582;1876995
1373881;1715962
1255062;2105949
1897043;2750273
2531562;2472609
1726013;1021449
1775244;1742138
1672391;1196504
1708147;1073113
1158949;2559025
2361903;1893135
1570683;2573416
1333760;2521108
1149104;2381513
1534909;2913811
1267343;2964875
2660955;2310856
